keys,tr,en
KOLAY,KOLAY,EASY
ORTA,ORTA,MEDIUM
ZOR,ZOR,HARD
COK ZOR,ÇOK ZOR,VERY HARD
USTA,USTA,MASTER
OYNA,OYNA,PLAY
BÖLÜMLER,BÖLÜMLER,LEVELS
GERİ,GERİ,BACK
AYARLAR,AYARLAR,SETTINGS
Yakında,Yakında,Coming soon
TOP HAKKI BİTTİ,TOP HAKKI BİTTİ,OUT OF BALLS
BÖLÜM TAMAMLANDI,BÖLÜM TAMAMLANDI,LEVEL COMPLETE
BÖLÜM BAŞARISIZ,BÖLÜM BAŞARISIZ,LEVEL FAILED
HEDEFİ VURAMADIN,HEDEFİ VURAMADIN,YOU MISSED THE TARGET
Süre,Süre,Time
Top,Top,Balls
SONRAKİ BÖLÜM,SONRAKİ BÖLÜM,NEXT LEVEL
TEKRAR OYNA,TEKRAR OYNA,PLAY AGAIN
TEKRAR BAŞLA,TEKRAR BAŞLA,RESTART
BÖLÜM SEÇİMİ,BÖLÜM SEÇİMİ,LEVEL SELECT
ANA MENÜ,ANA MENÜ,MAIN MENU
BÖLÜM %d,BÖLÜM %d,LEVEL %d
BÖLÜM 1,BÖLÜM 1,LEVEL 1
%.1f sn,%.1f sn,%.1f s
TEST (bölüm bitmez),TEST (bölüm bitmez),TEST (level will not end)
%s · TEST (bölüm bitmez),%s · TEST (bölüm bitmez),%s · TEST (level will not end)
YENİ MEKANİK,YENİ MEKANİK,NEW MECHANIC
YENİ ENGEL,YENİ ENGEL,NEW OBSTACLE
Açıklama,Açıklama,Description
Anladım,Anladım,Got it
Metal Halka,Metal Halka,Metal Ring
Mayın,Mayın,Mine
Hızlandırıcı,Hızlandırıcı,Speed Boost
Kırılabilir Tuğla,Kırılabilir Tuğla,Breakable Brick
Metal halka,Metal halka,Metal ring
Bomba,Bomba,Mine
Donen cark,Donen cark,Spinning wheel
Kayan engel,Kayan engel,Sliding barrier
Hızlandirici,Hızlandirici,Speed boost
Engel,Engel,Obstacle
"Halka bir at nalıdır: yalnızca üst tarafı açıktır. Alttan gelen top metal gövdeye çarpıp seker.","Halka bir at nalıdır: yalnızca üst tarafı açıktır. Alttan gelen top metal gövdeye çarpıp seker.","The ring is a horseshoe: only its top is open. A ball coming from below hits the metal body and bounces off."
Mayına dokunma. Değdiği anda atış biter ve bir top hakkın gider.,Mayına dokunma. Değdiği anda atış biter ve bir top hakkın gider.,Do not touch the mine. On contact the shot ends and you lose a ball.
Çark sürekli döner. Kollar arasındaki boşluğu zamanlaman gerekir.,Çark sürekli döner. Kollar arasındaki boşluğu zamanlaman gerekir.,The wheel spins constantly. You have to time the gap between its spokes.
Bariyer ileri geri kayar. Açılan boşluğu doğru anda yakala.,Bariyer ileri geri kayar. Açılan boşluğu doğru anda yakala.,The barrier slides back and forth. Catch the gap at the right moment.
İçinden geçen top hızlanır.,İçinden geçen top hızlanır.,A ball passing through it speeds up.
"Mavi tuğla tek vuruşta kırılır. Bronz tuğla iki vuruş ister: önce çatlar, sonra dağılır.","Mavi tuğla tek vuruşta kırılır. Bronz tuğla iki vuruş ister: önce çatlar, sonra dağılır.","A blue brick breaks in one hit. A bronze brick needs two: first it cracks, then it shatters."
Dil,Dil,Language
Ses,Ses,Sound
Müzik,Müzik,Music
Efektler,Efektler,Effects
Titreşim,Titreşim,Vibration
Ekran sarsıntısı,Ekran sarsıntısı,Screen shake
Nişan yardımı,Nişan yardımı,Aim assist
İlerlemeyi sıfırla,İlerlemeyi sıfırla,Reset progress
Açık,Açık,On
Kapalı,Kapalı,Off
Az,Az,Low
Normal,Normal,Normal
Sürüm,Sürüm,Version
SIFIRLA,SIFIRLA,RESET
VAZGEÇ,VAZGEÇ,CANCEL
Tüm ilerlemen silinecek. Bu geri alınamaz.,Tüm ilerlemen silinecek. Bu geri alınamaz.,All your progress will be deleted. This cannot be undone.
İlerleme sıfırlandı,İlerleme sıfırlandı,Progress reset
Öğreticileri tekrar göster,Öğreticileri tekrar göster,Show tutorials again
Öğreticiler tekrar gösterilecek,Öğreticiler tekrar gösterilecek,Tutorials will be shown again
Sesler,Sesler,Audio
Oynanış,Oynanış,Gameplay
Genel,Genel,General
Nişan izi uzun bölümlerde de tam görünür,Nişan izi uzun bölümlerde de tam görünür,The aim trail stays full length in later levels
Sekme ve çarpmalarda titreşim,Sekme ve çarpmalarda titreşim,Vibration on bounces and impacts
Lazer Bariyer,Lazer Bariyer,Pulse Laser
Lazer bariyer,Lazer bariyer,Pulse laser
Işın aralıklarla yanar. Yanmadan hemen önce parlar; sönük olduğu anda geç.,Işın aralıklarla yanar. Yanmadan hemen önce parlar; sönük olduğu anda geç.,The beam fires in bursts. It glows just before igniting — cross while it is dark.
LUMA COIN,LUMA COIN,LUMA COIN
İPUCUYU AÇ,İPUCUYU AÇ,UNLOCK HINT
Bu bölümün örnek atış rotasını gösterir. İpucu bu bölüm için kalıcı açılır.,Bu bölümün örnek atış rotasını gösterir. İpucu bu bölüm için kalıcı açılır.,Shows a sample shot path. The hint stays unlocked for this level.
BAKİYE: %d LUMA COIN,BAKİYE: %d LUMA COIN,BALANCE: %d LUMA COIN
%d LUMA COIN İLE AÇ,%d LUMA COIN İLE AÇ,UNLOCK FOR %d LUMA COIN
BAKİYE YETERSİZ,BAKİYE YETERSİZ,NOT ENOUGH LUMA COIN
Yeni bölümleri ilk kez tamamlayarak Luma Coin kazanabilirsin.,Yeni bölümleri ilk kez tamamlayarak Luma Coin kazanabilirsin.,Complete new levels for the first time to earn Luma Coin.
KAPAT,KAPAT,CLOSE
%d LUMA COIN,%d LUMA COIN,%d LUMA COIN
İPUCU,İPUCU,HINT
İPUCU · %d,İPUCU · %d,HINT · %d
İPUCU HAZIR DEĞİL,İPUCU HAZIR DEĞİL,HINT NOT READY
ÖNCE BLOKLARI KIR,ÖNCE BLOKLARI KIR,BREAK THE BLOCKS FIRST
ROTAYI TAKİP ET,ROTAYI TAKİP ET,FOLLOW THE PATH
+%d LUMA COIN,+%d LUMA COIN,+%d LUMA COIN
Nasıl yardım istersin?,Nasıl yardım istersin?,How do you want help?
KISA İPUCU,KISA İPUCU,QUICK HINT
Rotanın ilk hamlesini gösterir,Rotanın ilk hamlesini gösterir,Shows the first move of the route
TAM ROTAYI AÇ,TAM ROTAYI AÇ,UNLOCK FULL ROUTE
Bu bölüm için kalıcı açılır,Bu bölüm için kalıcı açılır,Unlocked permanently for this level
Bakiye yetersiz,Bakiye yetersiz,Not enough coins
Bu denemede kullanıldı,Bu denemede kullanıldı,Used on this attempt
YAKINDA,YAKINDA,SOON
ÜCRETSİZ,ÜCRETSİZ,FREE
%d ◈,%d ◈,%d ◈
İLK HAMLE,İLK HAMLE,FIRST MOVE
DURAKLATILDI,DURAKLATILDI,PAUSED
DEVAM ET,DEVAM ET,RESUME
Gizlilik,Gizlilik,Privacy
Gizlilik seçenekleri,Gizlilik seçenekleri,Privacy options
REKLAM İZLE · +1 TOP,REKLAM İZLE · +1 TOP,WATCH AD · +1 BALL
MAĞAZA,MAĞAZA,SHOP
SEÇİLİ,SEÇİLİ,SELECTED
SAHİP,SAHİP,OWNED
TOP,TOP,BALL
İZ,İZ,TRAIL
FIRLATICI,FIRLATICI,LAUNCHER
HEDEF EFEKTİ,HEDEF EFEKTİ,TARGET FX
PREMİUM,PREMİUM,PREMIUM
REKLAMLARI KALDIR,REKLAMLARI KALDIR,REMOVE ADS
Geçiş reklamlarını kalıcı olarak kapatır,Geçiş reklamlarını kalıcı olarak kapatır,Permanently disables interstitial ads
AKTİF,AKTİF,ACTIVE
İŞLENİYOR...,İŞLENİYOR...,PROCESSING...
SATIN AL,SATIN AL,PURCHASE
PLAY STORE'A BAĞLANILIYOR,PLAY STORE'A BAĞLANILIYOR,CONNECTING TO PLAY STORE
SATIN ALMALARI GERİ YÜKLE,SATIN ALMALARI GERİ YÜKLE,RESTORE PURCHASES
REKLAMLAR KALDIRILDI,REKLAMLAR KALDIRILDI,ADS REMOVED
ÖDEME BEKLEMEDE,ÖDEME BEKLEMEDE,PAYMENT PENDING
PLAY STORE'A BAĞLANILAMADI,PLAY STORE'A BAĞLANILAMADI,COULD NOT CONNECT TO PLAY STORE
SATIN ALMA TAMAMLANAMADI,SATIN ALMA TAMAMLANAMADI,PURCHASE COULD NOT BE COMPLETED
SATIN ALMA GERİ YÜKLENDİ,SATIN ALMA GERİ YÜKLENDİ,PURCHASE RESTORED
AKTİF SATIN ALMA BULUNAMADI,AKTİF SATIN ALMA BULUNAMADI,NO ACTIVE PURCHASE FOUND
GÜNLÜK,GÜNLÜK,DAILY
GÜNLÜK ✓,GÜNLÜK ✓,DAILY ✓
Günlük challenge ve görevler,Günlük challenge ve görevler,Daily challenge and quests
8. bölümü tamamlayınca açılır,8. bölümü tamamlayınca açılır,Unlocks after completing level 8
GÜNLÜK CHALLENGE,GÜNLÜK CHALLENGE,DAILY CHALLENGE
Günün bölümü: %s,Günün bölümü: %s,Today's level: %s
10. bölümü tamamlayınca açılır,10. bölümü tamamlayınca açılır,Unlocks after completing level 10
Bugünün ödülü alındı,Bugünün ödülü alındı,Today's reward claimed
Tamamla ve +%d Luma Coin kazan,Tamamla ve +%d Luma Coin kazan,Complete it and earn +%d Luma Coin
CHALLENGE'I OYNA,CHALLENGE'I OYNA,PLAY CHALLENGE
GÜNLÜĞE DÖN,GÜNLÜĞE DÖN,BACK TO DAILY
STREAK,STREAK,STREAK
%d günlük seri · En iyi %d,%d günlük seri · En iyi %d,%d day streak · Best %d
%d GÜN,%d GÜN,%d DAYS
Seri günlük challenge tamamlayınca ilerler,Seri günlük challenge tamamlayınca ilerler,The streak grows when you complete the daily challenge
GÜNLÜK GÖREVLER,GÜNLÜK GÖREVLER,DAILY QUESTS
8. bölümü tamamlayınca üç günlük görev açılır,8. bölümü tamamlayınca üç günlük görev açılır,Three daily quests unlock after completing level 8
Üç görev ödülü alındı,Üç görev ödülü alındı,Three-quest reward claimed
Tüm görevler tamamlandı · +%d Luma Coin,Tüm görevler tamamlandı · +%d Luma Coin,All quests complete · +%d Luma Coin
Üçünü tamamla · +%d Luma Coin,Üçünü tamamla · +%d Luma Coin,Complete all three · +%d Luma Coin
3 bölüm tamamla,3 bölüm tamamla,Complete 3 levels
Bir bölümü tek atışta tamamla,Bir bölümü tek atışta tamamla,Complete a level in one shot
Toplam 25 sekme yap,Toplam 25 sekme yap,Make 25 bounces
Bir bölümü 3 yıldızla tamamla,Bir bölümü 3 yıldızla tamamla,Complete a level with 3 stars
Tam rota kullanmadan 3 bölüm tamamla,Tam rota kullanmadan 3 bölüm tamamla,Complete 3 levels without the full route
Bir bonus bölüm dene,Bir bonus bölüm dene,Try a bonus level
BAŞARILAR,BAŞARILAR,ACHIEVEMENTS
%d / %d başarı açıldı,%d / %d başarı açıldı,%d / %d achievements unlocked
AÇILDI,AÇILDI,UNLOCKED
Keskin Nişancı,Keskin Nişancı,Sharpshooter
10 farklı tamamlamayı tek atışta yap,10 farklı tamamlamayı tek atışta yap,Complete 10 different runs in one shot
Yüzlük Seri,Yüzlük Seri,Century Run
100 kampanya bölümünü tamamla,100 kampanya bölümünü tamamla,Complete 100 campaign levels
Sekme Ustası,Sekme Ustası,Bounce Master
Toplam 1000 sekme yap,Toplam 1000 sekme yap,Make 1000 bounces
Kusursuz Rota,Kusursuz Rota,Perfect Route
25 farklı tamamlamada 3 yıldız kazan,25 farklı tamamlamada 3 yıldız kazan,Earn 3 stars on 25 different completions
Tüm Dünyalar,Tüm Dünyalar,All Worlds
Üç dünyanın tamamını aç,Üç dünyanın tamamını aç,Unlock all three worlds
BAŞARI AÇILDI: %s,BAŞARI AÇILDI: %s,ACHIEVEMENT UNLOCKED: %s
